<?xml version="1.0" encoding="utf-8"?>
<dleplugin>
    <name>x0i:dev.env</name>
    <description>Окружение для модулей x0i</description>
    <icon>skins/images/x0i-logo-red.png</icon>
    <version>0.1</version>
    <dleversion>13.3</dleversion>
    <versioncompare>greater</versioncompare>
    <upgradeurl>https://raw.githubusercontent.com/x0i/dle-devenv/master/dle-devenv.zip</upgradeurl>
    <filedelete>1</filedelete>
    <needplugin></needplugin>
    <mnotice>0</mnotice>
    <mysqlinstall><![CDATA[]]></mysqlinstall>
    <mysqlupgrade><![CDATA[]]></mysqlupgrade>
    <mysqlenable><![CDATA[]]></mysqlenable>
    <mysqldisable><![CDATA[]]></mysqldisable>
    <mysqldelete><![CDATA[]]></mysqldelete>
    <phpinstall><![CDATA[]]></phpinstall>
    <phpupgrade><![CDATA[]]></phpupgrade>
    <phpenable><![CDATA[]]></phpenable>
    <phpdisable><![CDATA[]]></phpdisable>
    <phpdelete><![CDATA[rmdir(ENGINE_DIR . '/modules/x0i/devenv/');]]></phpdelete>
    <notice><![CDATA[]]></notice>
    <file name="engine/init.php">
        <operation action="before">
            <searchcode><![CDATA[date_default_timezone_set ( $config['date_adjust'] );]]></searchcode>
            <replacecode><![CDATA[require_once(DLEPlugins::Check(ENGINE_DIR . '/modules/x0i/devenv/autoload.php'));]]></replacecode>
        </operation>
    </file>
</dleplugin>